APContact,BAddr1,BAddr2,BCity,BState,BZIPCode,Phone,Website,CustName,CustCode_ID,LastModDate
CeeCee,23724 N Central Ave,,Phoenix,AZ,85024,602.906.9353,,All Things Metal LLC,168,09:04.3
Accounts Payable,P.O. Box 18166,,Phoenix,AZ,85005,602-484-9005,www.hurricanefenceco.com,Hurricane Fence Co.,1718,48:51.1
Accounting Dept.,1042 S. Lewis,,Mesa,AZ,85210,480.964.9041,www.millinginc.com,MMI Industrial & Steel,2999,57:20.3
Keith Schroeder,7241 W. Villa Theresa Dr.,,Glendale,AZ,85308,602-380-1115,NULL,Schroeder's Pool Fencing,3920,46:20.2
Accounting in AZ,425 S Loop 12,NULL,Irving,TX,75060,972-554/ 602-278-9227,NULL,BTE Body Company Inc,5325,10:55.6
AP,2836 W Broadway Rd,NULL,Phoenix,AZ,85041,602-304-0655,NULL,Diamond Masonry,5602,23:36.4
Jean-Marie,7500 E. Pinnacle Peak Rd  Ste # A103,NULL,Scottsdale,AZ,85255,480-473-1412,NULL,Janus Custom Building Products,5942,29:56.5
Jon Nielson,735 E Brill St.,NULL,Phoenix,AZ,85006,602-296-3585,NULL,PRI Graphics,5945,39:02.0
Victor Perea,22908 NE Alder Crest Dr,NULL,Redmond,WA,98053,310-844-4316,NULL,SpaceX,6162,49:49.4
Kate Stobert,11815 Burke St.,NULL,Santa Fe Springs,CA,90670,602-463-9140,NULL,Custom Structures LLC,6189,15:15.5
Accounts Payable,6416 Inducon Dr W,NULL,Sanborn,NY,14132,1-800-848-9800,NULL,Edwards Vacuum LLC,6577,45:18.0
Daniel Sternberg,4346 E Elwood St #100,NULL,Phoenix,AZ,85040,602-272-2200,NULL,Western States Fire Protection,6914,54:26.0
Tamila Whitney?,222 West Maitland Boulevard,NULL,Maitland,FL,32751,321-214-7053,NULL,"SESCO Lighting, Inc.",6915,20:32.1
Accounts Payable,P.O. Box 20445,NULL,Phoenix,AZ,85036,602-550-7173,NULL,ESA Fabrication,6917,18:45.1
NULL,15 Airpark Vista Boulevard,NULL,Dayton,NV,89403,+1 (775) 246-1000,NULL,American Reels,6920,55:25.1
NULL,NULL,NULL,NULL,NULL,NULL,NULL,NULL,Guardian Industries,6921,05:57.3
